activity_id,user_id,activity_id_num,user_id_num,identifier_id,has_up,has_down,up_path,down_path,has_data_up,has_data_down,WTLA,WTC,WTRA,WTRL,WTLL,activity_id_num_ori,data_type
action_00,user16,0,16,1-1-1,True,True,IMU/action_00/user16/1-1-1/up.csv,IMU/action_00/user16/1-1-1/down.csv,True,True,45,46,46,46,44,0,train
action_00,user18,0,18,7-1-1,True,True,IMU/action_00/user18/7-1-1/up.csv,IMU/action_00/user18/7-1-1/down.csv,True,True,20,20,20,20,20,0,train
action_00,user21,0,21,1-1-1,True,True,IMU/action_00/user21/1-1-1/up.csv,IMU/action_00/user21/1-1-1/down.csv,True,True,14,14,14,12,14,0,train
action_00,user21,0,21,4-2-1,True,True,IMU/action_00/user21/4-2-1/up.csv,IMU/action_00/user21/4-2-1/down.csv,True,True,7,5,6,4,6,0,train
action_00,user22,0,22,2-2-1,True,True,IMU/action_00/user22/2-2-1/up.csv,IMU/action_00/user22/2-2-1/down.csv,True,True,14,15,14,16,16,0,train
action_00,user23,0,23,1-1-1,True,True,IMU/action_00/user23/1-1-1/up.csv,IMU/action_00/user23/1-1-1/down.csv,True,True,40,42,42,41,42,0,train
action_00,user24,0,24,6-2-1,True,True,IMU/action_00/user24/6-2-1/up.csv,IMU/action_00/user24/6-2-1/down.csv,True,True,33,33,34,34,35,0,train
action_00,user24,0,24,7-1-1,True,True,IMU/action_00/user24/7-1-1/up.csv,IMU/action_00/user24/7-1-1/down.csv,True,True,29,30,30,29,29,0,train
action_00,user4,0,4,1-1-1,True,True,IMU/action_00/user4/1-1-1/up.csv,IMU/action_00/user4/1-1-1/down.csv,True,True,41,40,41,42,40,0,train
action_00,user5,0,5,1-1-1,True,True,IMU/action_00/user5/1-1-1/up.csv,IMU/action_00/user5/1-1-1/down.csv,True,True,39,38,38,38,39,0,train
action_00,user6,0,6,1-1-1,True,True,IMU/action_00/user6/1-1-1/up.csv,IMU/action_00/user6/1-1-1/down.csv,True,True,45,46,45,46,45,0,train
action_00,user8,0,8,1-1-1,True,True,IMU/action_00/user8/1-1-1/up.csv,IMU/action_00/user8/1-1-1/down.csv,True,True,26,25,25,26,25,0,train
action_00,user8,0,8,7-1-1,True,True,IMU/action_00/user8/7-1-1/up.csv,IMU/action_00/user8/7-1-1/down.csv,True,True,25,25,25,24,24,0,train
action_05,user16,5,16,3-1-1,True,True,IMU/action_05/user16/3-1-1/up.csv,IMU/action_05/user16/3-1-1/down.csv,True,True,100,100,100,101,100,12,train
action_05,user16,5,16,6-2-1,True,True,IMU/action_05/user16/6-2-1/up.csv,IMU/action_05/user16/6-2-1/down.csv,True,True,67,65,66,67,65,12,train
action_05,user17,5,17,3-1-1,True,True,IMU/action_05/user17/3-1-1/up.csv,IMU/action_05/user17/3-1-1/down.csv,True,True,92,93,93,93,93,12,test
action_05,user18,5,18,3-1-1,True,True,IMU/action_05/user18/3-1-1/up.csv,IMU/action_05/user18/3-1-1/down.csv,True,True,44,44,44,42,45,12,train
action_05,user19,5,19,7-2-1,True,True,IMU/action_05/user19/7-2-1/up.csv,IMU/action_05/user19/7-2-1/down.csv,True,True,49,49,49,50,50,12,train
action_05,user2,5,2,3-1-1,True,True,IMU/action_05/user2/3-1-1/up.csv,IMU/action_05/user2/3-1-1/down.csv,True,True,55,56,55,56,54,12,train
action_05,user20,5,20,2-1-1,True,True,IMU/action_05/user20/2-1-1/up.csv,IMU/action_05/user20/2-1-1/down.csv,True,True,98,96,99,98,98,12,train
action_05,user20,5,20,3-2-1,True,True,IMU/action_05/user20/3-2-1/up.csv,IMU/action_05/user20/3-2-1/down.csv,True,True,45,45,46,45,45,12,train
action_05,user21,5,21,2-1-1,True,True,IMU/action_05/user21/2-1-1/up.csv,IMU/action_05/user21/2-1-1/down.csv,True,True,106,107,104,106,108,12,train
action_05,user23,5,23,3-2-1,True,True,IMU/action_05/user23/3-2-1/up.csv,IMU/action_05/user23/3-2-1/down.csv,True,True,87,87,86,88,86,12,train
action_05,user4,5,4,2-2-1,True,True,IMU/action_05/user4/2-2-1/up.csv,IMU/action_05/user4/2-2-1/down.csv,True,True,91,92,92,91,91,12,train
action_05,user5,5,5,3-1-1,True,True,IMU/action_05/user5/3-1-1/up.csv,IMU/action_05/user5/3-1-1/down.csv,True,True,159,160,159,157,158,12,train
action_05,user6,5,6,3-1-1,True,True,IMU/action_05/user6/3-1-1/up.csv,IMU/action_05/user6/3-1-1/down.csv,True,True,234,234,234,232,234,12,train
action_05,user6,5,6,6-2-1,True,True,IMU/action_05/user6/6-2-1/up.csv,IMU/action_05/user6/6-2-1/down.csv,True,True,51,51,54,52,51,12,train
action_05,user7,5,7,3-1-1,True,True,IMU/action_05/user7/3-1-1/up.csv,IMU/action_05/user7/3-1-1/down.csv,True,True,70,69,69,67,67,12,train
action_05,user8,5,8,3-1-1,True,True,IMU/action_05/user8/3-1-1/up.csv,IMU/action_05/user8/3-1-1/down.csv,True,True,73,72,73,73,73,12,train
action_05,user9,5,9,3-3-1,True,True,IMU/action_05/user9/3-3-1/up.csv,IMU/action_05/user9/3-3-1/down.csv,True,True,43,42,42,42,41,12,train
action_05,user9,5,9,7-2-1,True,True,IMU/action_05/user9/7-2-1/up.csv,IMU/action_05/user9/7-2-1/down.csv,True,True,24,27,27,26,29,12,train
action_06,user1,6,1,3-2-1,True,True,IMU/action_06/user1/3-2-1/up.csv,IMU/action_06/user1/3-2-1/down.csv,True,True,102,103,103,103,103,13,train
action_06,user16,6,16,3-1-1,True,True,IMU/action_06/user16/3-1-1/up.csv,IMU/action_06/user16/3-1-1/down.csv,True,True,76,77,77,77,79,13,train
action_06,user17,6,17,3-1-1,True,True,IMU/action_06/user17/3-1-1/up.csv,IMU/action_06/user17/3-1-1/down.csv,True,True,60,61,60,60,60,13,test
action_06,user18,6,18,3-1-1,True,True,IMU/action_06/user18/3-1-1/up.csv,IMU/action_06/user18/3-1-1/down.csv,True,True,37,37,38,38,35,13,train
action_06,user19,6,19,7-2-1,True,True,IMU/action_06/user19/7-2-1/up.csv,IMU/action_06/user19/7-2-1/down.csv,True,True,68,67,68,68,69,13,train
action_06,user2,6,2,3-1-1,True,True,IMU/action_06/user2/3-1-1/up.csv,IMU/action_06/user2/3-1-1/down.csv,True,True,29,28,29,28,29,13,train
action_06,user20,6,20,2-1-1,True,True,IMU/action_06/user20/2-1-1/up.csv,IMU/action_06/user20/2-1-1/down.csv,True,True,74,73,72,72,77,13,train
action_06,user20,6,20,3-2-1,True,True,IMU/action_06/user20/3-2-1/up.csv,IMU/action_06/user20/3-2-1/down.csv,True,True,49,50,48,49,49,13,train
action_06,user20,6,20,6-3-1,True,True,IMU/action_06/user20/6-3-1/up.csv,IMU/action_06/user20/6-3-1/down.csv,True,True,47,45,48,46,48,13,train
action_06,user21,6,21,2-1-1,True,True,IMU/action_06/user21/2-1-1/up.csv,IMU/action_06/user21/2-1-1/down.csv,True,True,40,40,40,40,40,13,train
action_06,user4,6,4,2-2-1,True,True,IMU/action_06/user4/2-2-1/up.csv,IMU/action_06/user4/2-2-1/down.csv,True,True,43,41,42,42,42,13,train
action_06,user5,6,5,5-1-1,True,True,IMU/action_06/user5/5-1-1/up.csv,IMU/action_06/user5/5-1-1/down.csv,True,True,64,65,63,64,65,13,train
action_06,user6,6,6,3-1-1,True,True,IMU/action_06/user6/3-1-1/up.csv,IMU/action_06/user6/3-1-1/down.csv,True,True,109,110,109,109,109,13,train
action_06,user7,6,7,3-1-1,True,True,IMU/action_06/user7/3-1-1/up.csv,IMU/action_06/user7/3-1-1/down.csv,True,True,52,52,54,53,52,13,train
action_06,user8,6,8,3-1-1,True,True,IMU/action_06/user8/3-1-1/up.csv,IMU/action_06/user8/3-1-1/down.csv,True,True,53,55,56,56,57,13,train
action_06,user9,6,9,3-3-1,True,True,IMU/action_06/user9/3-3-1/up.csv,IMU/action_06/user9/3-3-1/down.csv,True,True,32,33,32,31,34,13,train
action_06,user9,6,9,7-2-1,True,True,IMU/action_06/user9/7-2-1/up.csv,IMU/action_06/user9/7-2-1/down.csv,True,True,23,27,25,27,23,13,train
action_07,user1,7,1,2-2-1,True,True,IMU/action_07/user1/2-2-1/up.csv,IMU/action_07/user1/2-2-1/down.csv,True,True,99,100,99,99,99,17,train
action_07,user1,7,1,3-2-1,True,True,IMU/action_07/user1/3-2-1/up.csv,IMU/action_07/user1/3-2-1/down.csv,True,True,65,65,66,66,65,17,train
action_07,user16,7,16,4-1-1,True,True,IMU/action_07/user16/4-1-1/up.csv,IMU/action_07/user16/4-1-1/down.csv,True,True,78,78,77,78,77,17,train
action_07,user17,7,17,4-1-1,True,True,IMU/action_07/user17/4-1-1/up.csv,IMU/action_07/user17/4-1-1/down.csv,True,True,59,58,58,58,59,17,test
action_07,user18,7,18,5-1-1,True,True,IMU/action_07/user18/5-1-1/up.csv,IMU/action_07/user18/5-1-1/down.csv,True,True,81,80,80,80,81,17,train
action_07,user19,7,19,1-2-1,True,True,IMU/action_07/user19/1-2-1/up.csv,IMU/action_07/user19/1-2-1/down.csv,True,True,20,20,20,21,20,17,train
action_07,user19,7,19,4-1-1,True,True,IMU/action_07/user19/4-1-1/up.csv,IMU/action_07/user19/4-1-1/down.csv,True,True,25,24,24,24,24,17,train
action_07,user19,7,19,4-3-1,True,True,IMU/action_07/user19/4-3-1/up.csv,IMU/action_07/user19/4-3-1/down.csv,True,True,29,29,27,29,28,17,train
action_07,user19,7,19,6-1-1,True,True,IMU/action_07/user19/6-1-1/up.csv,IMU/action_07/user19/6-1-1/down.csv,True,True,15,18,17,18,15,17,train
action_07,user20,7,20,2-2-1,True,True,IMU/action_07/user20/2-2-1/up.csv,IMU/action_07/user20/2-2-1/down.csv,True,True,29,30,29,30,30,17,train
action_07,user20,7,20,4-1-1,True,True,IMU/action_07/user20/4-1-1/up.csv,IMU/action_07/user20/4-1-1/down.csv,True,True,49,47,47,48,47,17,train
action_07,user20,7,20,5-1-1,True,True,IMU/action_07/user20/5-1-1/up.csv,IMU/action_07/user20/5-1-1/down.csv,True,True,73,73,74,73,73,17,train
action_07,user22,7,22,1-2-1,True,True,IMU/action_07/user22/1-2-1/up.csv,IMU/action_07/user22/1-2-1/down.csv,True,True,30,29,29,30,30,17,train
action_07,user24,7,24,1-2-1,True,True,IMU/action_07/user24/1-2-1/up.csv,IMU/action_07/user24/1-2-1/down.csv,True,True,52,51,53,52,53,17,train
action_07,user24,7,24,3-2-1,True,True,IMU/action_07/user24/3-2-1/up.csv,IMU/action_07/user24/3-2-1/down.csv,True,True,50,48,50,48,50,17,train
action_07,user24,7,24,7-2-1,True,True,IMU/action_07/user24/7-2-1/up.csv,IMU/action_07/user24/7-2-1/down.csv,True,True,30,31,31,30,31,17,train
action_07,user3,7,3,3-2-1,True,True,IMU/action_07/user3/3-2-1/up.csv,IMU/action_07/user3/3-2-1/down.csv,True,True,48,41,49,49,48,17,train
action_07,user4,7,4,5-2-1,True,True,IMU/action_07/user4/5-2-1/up.csv,IMU/action_07/user4/5-2-1/down.csv,True,True,50,48,48,48,50,17,train
action_07,user5,7,5,4-1-1,True,True,IMU/action_07/user5/4-1-1/up.csv,IMU/action_07/user5/4-1-1/down.csv,True,True,47,45,47,47,47,17,train
action_07,user6,7,6,4-1-1,True,True,IMU/action_07/user6/4-1-1/up.csv,IMU/action_07/user6/4-1-1/down.csv,True,True,60,60,60,62,61,17,train
action_07,user7,7,7,4-1-1,True,True,IMU/action_07/user7/4-1-1/up.csv,IMU/action_07/user7/4-1-1/down.csv,True,True,11,12,11,11,9,17,train
action_07,user7,7,7,6-3-1,True,True,IMU/action_07/user7/6-3-1/up.csv,IMU/action_07/user7/6-3-1/down.csv,True,True,50,51,51,50,51,17,train
action_07,user8,7,8,5-1-1,True,True,IMU/action_07/user8/5-1-1/up.csv,IMU/action_07/user8/5-1-1/down.csv,True,True,34,33,34,35,33,17,train
action_07,user9,7,9,4-1-1,True,True,IMU/action_07/user9/4-1-1/up.csv,IMU/action_07/user9/4-1-1/down.csv,True,True,20,20,19,21,20,17,train
action_07,user9,7,9,4-3-1,True,True,IMU/action_07/user9/4-3-1/up.csv,IMU/action_07/user9/4-3-1/down.csv,True,True,51,53,53,53,53,17,train
action_07,user9,7,9,6-1-1,True,True,IMU/action_07/user9/6-1-1/up.csv,IMU/action_07/user9/6-1-1/down.csv,True,True,15,15,17,16,16,17,train
action_01,user16,1,16,1-1-1,True,True,IMU/action_01/user16/1-1-1/up.csv,IMU/action_01/user16/1-1-1/down.csv,True,True,32,32,30,31,31,1,train
action_01,user17,1,17,1-1-1,True,True,IMU/action_01/user17/1-1-1/up.csv,IMU/action_01/user17/1-1-1/down.csv,True,True,20,20,20,20,20,1,test
action_01,user18,1,18,1-1-1,True,True,IMU/action_01/user18/1-1-1/up.csv,IMU/action_01/user18/1-1-1/down.csv,True,True,40,40,40,39,40,1,train
action_01,user18,1,18,7-1-1,True,True,IMU/action_01/user18/7-1-1/up.csv,IMU/action_01/user18/7-1-1/down.csv,True,True,21,22,22,23,21,1,train
action_01,user19,1,19,1-1-1,True,True,IMU/action_01/user19/1-1-1/up.csv,IMU/action_01/user19/1-1-1/down.csv,True,True,18,17,18,18,17,1,train
action_01,user21,1,21,4-2-1,True,True,IMU/action_01/user21/4-2-1/up.csv,IMU/action_01/user21/4-2-1/down.csv,True,True,13,14,14,13,14,1,train
action_01,user22,1,22,2-2-1,True,True,IMU/action_01/user22/2-2-1/up.csv,IMU/action_01/user22/2-2-1/down.csv,True,True,16,16,18,14,17,1,train
action_01,user23,1,23,1-1-1,True,True,IMU/action_01/user23/1-1-1/up.csv,IMU/action_01/user23/1-1-1/down.csv,True,True,36,37,35,38,38,1,train
action_01,user24,1,24,6-2-1,True,True,IMU/action_01/user24/6-2-1/up.csv,IMU/action_01/user24/6-2-1/down.csv,True,True,26,23,24,25,23,1,train
action_01,user24,1,24,7-1-1,True,True,IMU/action_01/user24/7-1-1/up.csv,IMU/action_01/user24/7-1-1/down.csv,True,True,10,9,11,12,12,1,train
action_01,user6,1,6,1-1-1,True,True,IMU/action_01/user6/1-1-1/up.csv,IMU/action_01/user6/1-1-1/down.csv,True,True,69,69,70,70,69,1,train
action_01,user7,1,7,1-1-1,True,True,IMU/action_01/user7/1-1-1/up.csv,IMU/action_01/user7/1-1-1/down.csv,True,True,34,34,35,34,35,1,train
action_01,user8,1,8,1-1-1,True,True,IMU/action_01/user8/1-1-1/up.csv,IMU/action_01/user8/1-1-1/down.csv,True,True,25,24,24,25,25,1,train
action_01,user8,1,8,7-1-1,True,True,IMU/action_01/user8/7-1-1/up.csv,IMU/action_01/user8/7-1-1/down.csv,True,True,11,11,11,11,11,1,train
action_01,user9,1,9,1-1-1,True,True,IMU/action_01/user9/1-1-1/up.csv,IMU/action_01/user9/1-1-1/down.csv,True,True,24,24,23,23,24,1,train
action_08,user1,8,1,3-2-1,True,True,IMU/action_08/user1/3-2-1/up.csv,IMU/action_08/user1/3-2-1/down.csv,True,True,12,12,14,12,12,20,train
action_08,user1,8,1,5-1-1,True,True,IMU/action_08/user1/5-1-1/up.csv,IMU/action_08/user1/5-1-1/down.csv,True,True,16,15,16,17,16,20,train
action_08,user16,8,16,4-1-1,True,True,IMU/action_08/user16/4-1-1/up.csv,IMU/action_08/user16/4-1-1/down.csv,True,True,14,16,15,15,13,20,train
action_08,user16,8,16,5-3-1,True,True,IMU/action_08/user16/5-3-1/up.csv,IMU/action_08/user16/5-3-1/down.csv,True,True,41,42,41,41,39,20,train
action_08,user16,8,16,7-3-1,True,True,IMU/action_08/user16/7-3-1/up.csv,IMU/action_08/user16/7-3-1/down.csv,True,True,24,24,24,25,24,20,train
action_08,user17,8,17,1-2-1,True,True,IMU/action_08/user17/1-2-1/up.csv,IMU/action_08/user17/1-2-1/down.csv,True,True,15,17,15,15,15,20,test
action_08,user17,8,17,4-1-1,True,True,IMU/action_08/user17/4-1-1/up.csv,IMU/action_08/user17/4-1-1/down.csv,True,True,13,13,13,14,14,20,test
action_08,user18,8,18,2-1-1,True,True,IMU/action_08/user18/2-1-1/up.csv,IMU/action_08/user18/2-1-1/down.csv,True,True,19,18,18,17,18,20,train
action_08,user18,8,18,5-1-1,True,True,IMU/action_08/user18/5-1-1/up.csv,IMU/action_08/user18/5-1-1/down.csv,True,True,20,20,20,21,20,20,train
action_08,user18,8,18,6-2-1,True,True,IMU/action_08/user18/6-2-1/up.csv,IMU/action_08/user18/6-2-1/down.csv,True,True,13,14,13,14,13,20,train
action_08,user19,8,19,4-1-1,True,True,IMU/action_08/user19/4-1-1/up.csv,IMU/action_08/user19/4-1-1/down.csv,True,True,11,11,10,9,10,20,train
action_08,user19,8,19,5-3-1,True,True,IMU/action_08/user19/5-3-1/up.csv,IMU/action_08/user19/5-3-1/down.csv,True,True,9,10,11,10,10,20,train
action_08,user20,8,20,1-1-1,True,True,IMU/action_08/user20/1-1-1/up.csv,IMU/action_08/user20/1-1-1/down.csv,True,True,31,30,31,31,29,20,train
action_08,user20,8,20,2-2-1,True,True,IMU/action_08/user20/2-2-1/up.csv,IMU/action_08/user20/2-2-1/down.csv,True,True,13,12,13,13,14,20,train
action_08,user20,8,20,4-1-1,True,True,IMU/action_08/user20/4-1-1/up.csv,IMU/action_08/user20/4-1-1/down.csv,True,True,20,20,20,18,19,20,train
action_08,user20,8,20,5-1-1,True,True,IMU/action_08/user20/5-1-1/up.csv,IMU/action_08/user20/5-1-1/down.csv,True,True,3,3,3,3,4,20,train
action_08,user21,8,21,2-2-1,True,True,IMU/action_08/user21/2-2-1/up.csv,IMU/action_08/user21/2-2-1/down.csv,True,True,18,18,19,18,18,20,train
action_08,user21,8,21,6-2-1,True,True,IMU/action_08/user21/6-2-1/up.csv,IMU/action_08/user21/6-2-1/down.csv,True,True,27,27,26,27,26,20,train
action_08,user22,8,22,6-1-1,True,True,IMU/action_08/user22/6-1-1/up.csv,IMU/action_08/user22/6-1-1/down.csv,True,True,16,14,15,11,15,20,train
action_08,user24,8,24,7-2-1,True,True,IMU/action_08/user24/7-2-1/up.csv,IMU/action_08/user24/7-2-1/down.csv,True,True,20,21,21,22,21,20,train
action_08,user4,8,4,5-2-1,True,True,IMU/action_08/user4/5-2-1/up.csv,IMU/action_08/user4/5-2-1/down.csv,True,True,21,20,21,21,21,20,train
action_08,user5,8,5,4-1-1,True,True,IMU/action_08/user5/4-1-1/up.csv,IMU/action_08/user5/4-1-1/down.csv,True,True,14,16,15,16,16,20,train
action_08,user6,8,6,4-1-1,True,True,IMU/action_08/user6/4-1-1/up.csv,IMU/action_08/user6/4-1-1/down.csv,True,True,24,25,25,24,24,20,train
action_08,user6,8,6,5-3-1,True,True,IMU/action_08/user6/5-3-1/up.csv,IMU/action_08/user6/5-3-1/down.csv,True,True,17,17,17,16,17,20,train
action_08,user6,8,6,6-2-1,True,True,IMU/action_08/user6/6-2-1/up.csv,IMU/action_08/user6/6-2-1/down.csv,True,True,12,12,11,11,12,20,train
action_08,user6,8,6,7-3-1,True,True,IMU/action_08/user6/7-3-1/up.csv,IMU/action_08/user6/7-3-1/down.csv,True,True,11,12,11,10,10,20,train
action_08,user7,8,7,2-2-1,True,True,IMU/action_08/user7/2-2-1/up.csv,IMU/action_08/user7/2-2-1/down.csv,True,True,21,22,21,22,22,20,train
action_08,user7,8,7,3-3-1,True,True,IMU/action_08/user7/3-3-1/up.csv,IMU/action_08/user7/3-3-1/down.csv,True,True,69,68,66,68,66,20,train
action_08,user7,8,7,4-1-1,True,True,IMU/action_08/user7/4-1-1/up.csv,IMU/action_08/user7/4-1-1/down.csv,True,True,9,10,11,9,11,20,train
action_08,user8,8,8,2-1-1,True,True,IMU/action_08/user8/2-1-1/up.csv,IMU/action_08/user8/2-1-1/down.csv,True,True,13,14,13,14,14,20,train
action_08,user8,8,8,5-1-1,True,True,IMU/action_08/user8/5-1-1/up.csv,IMU/action_08/user8/5-1-1/down.csv,True,True,12,10,14,11,11,20,train
action_08,user8,8,8,6-2-1,True,True,IMU/action_08/user8/6-2-1/up.csv,IMU/action_08/user8/6-2-1/down.csv,True,True,23,25,24,23,23,20,train
action_08,user9,8,9,5-3-1,True,True,IMU/action_08/user9/5-3-1/up.csv,IMU/action_08/user9/5-3-1/down.csv,True,True,10,9,10,9,11,20,train
action_08,user9,8,9,6-1-1,True,True,IMU/action_08/user9/6-1-1/up.csv,IMU/action_08/user9/6-1-1/down.csv,True,True,5,6,6,6,6,20,train
action_09,user16,9,16,4-1-1,True,True,IMU/action_09/user16/4-1-1/up.csv,IMU/action_09/user16/4-1-1/down.csv,True,True,23,22,23,23,23,21,train
action_09,user16,9,16,7-3-1,True,True,IMU/action_09/user16/7-3-1/up.csv,IMU/action_09/user16/7-3-1/down.csv,True,True,16,15,15,15,15,21,train
action_09,user17,9,17,4-1-1,True,True,IMU/action_09/user17/4-1-1/up.csv,IMU/action_09/user17/4-1-1/down.csv,True,True,70,71,71,71,71,21,test
action_09,user18,9,18,1-2-1,True,True,IMU/action_09/user18/1-2-1/up.csv,IMU/action_09/user18/1-2-1/down.csv,True,True,53,52,52,53,53,21,train
action_09,user18,9,18,4-1-1,True,True,IMU/action_09/user18/4-1-1/up.csv,IMU/action_09/user18/4-1-1/down.csv,True,True,68,66,67,66,68,21,train
action_09,user19,9,19,4-1-1,True,True,IMU/action_09/user19/4-1-1/up.csv,IMU/action_09/user19/4-1-1/down.csv,True,True,2,4,4,5,4,21,train
action_09,user19,9,19,6-1-1,True,True,IMU/action_09/user19/6-1-1/up.csv,IMU/action_09/user19/6-1-1/down.csv,True,True,10,9,10,9,9,21,train
action_09,user20,9,20,4-1-1,True,True,IMU/action_09/user20/4-1-1/up.csv,IMU/action_09/user20/4-1-1/down.csv,True,True,66,64,66,66,65,21,train
action_09,user22,9,22,1-2-1,True,True,IMU/action_09/user22/1-2-1/up.csv,IMU/action_09/user22/1-2-1/down.csv,True,True,28,27,28,28,27,21,train
action_09,user22,9,22,4-1-1,True,True,IMU/action_09/user22/4-1-1/up.csv,IMU/action_09/user22/4-1-1/down.csv,True,True,9,9,9,9,8,21,train
action_09,user23,9,23,4-1-1,True,True,IMU/action_09/user23/4-1-1/up.csv,IMU/action_09/user23/4-1-1/down.csv,True,True,44,45,45,44,44,21,train
action_09,user24,9,24,1-2-1,True,True,IMU/action_09/user24/1-2-1/up.csv,IMU/action_09/user24/1-2-1/down.csv,True,True,132,132,132,131,132,21,train
action_09,user24,9,24,7-2-1,True,True,IMU/action_09/user24/7-2-1/up.csv,IMU/action_09/user24/7-2-1/down.csv,True,True,81,82,82,82,83,21,train
action_09,user3,9,3,5-2-1,True,True,IMU/action_09/user3/5-2-1/up.csv,IMU/action_09/user3/5-2-1/down.csv,True,True,265,265,266,264,264,21,train
action_09,user6,9,6,4-1-1,True,True,IMU/action_09/user6/4-1-1/up.csv,IMU/action_09/user6/4-1-1/down.csv,True,True,45,47,46,46,45,21,train
action_09,user6,9,6,7-3-1,True,True,IMU/action_09/user6/7-3-1/up.csv,IMU/action_09/user6/7-3-1/down.csv,True,True,52,50,52,51,51,21,train
action_09,user7,9,7,4-1-1,True,True,IMU/action_09/user7/4-1-1/up.csv,IMU/action_09/user7/4-1-1/down.csv,True,True,61,62,60,62,62,21,train
action_09,user8,9,8,1-2-1,True,True,IMU/action_09/user8/1-2-1/up.csv,IMU/action_09/user8/1-2-1/down.csv,True,True,46,47,48,46,47,21,train
action_09,user9,9,9,4-1-1,True,True,IMU/action_09/user9/4-1-1/up.csv,IMU/action_09/user9/4-1-1/down.csv,True,True,45,45,47,46,47,21,train
action_09,user9,9,9,6-1-1,True,True,IMU/action_09/user9/6-1-1/up.csv,IMU/action_09/user9/6-1-1/down.csv,True,True,46,45,45,44,44,21,train
action_10,user16,10,16,4-1-1,True,True,IMU/action_10/user16/4-1-1/up.csv,IMU/action_10/user16/4-1-1/down.csv,True,True,47,47,46,46,46,22,train
action_10,user16,10,16,7-3-1,True,True,IMU/action_10/user16/7-3-1/up.csv,IMU/action_10/user16/7-3-1/down.csv,True,True,62,64,62,63,62,22,train
action_10,user18,10,18,1-2-1,True,True,IMU/action_10/user18/1-2-1/up.csv,IMU/action_10/user18/1-2-1/down.csv,True,True,22,21,20,22,20,22,train
action_10,user18,10,18,4-1-1,True,True,IMU/action_10/user18/4-1-1/up.csv,IMU/action_10/user18/4-1-1/down.csv,True,True,61,61,61,61,62,22,train
action_10,user20,10,20,2-2-1,True,True,IMU/action_10/user20/2-2-1/up.csv,IMU/action_10/user20/2-2-1/down.csv,True,True,25,25,26,24,26,22,train
action_10,user20,10,20,4-1-1,True,True,IMU/action_10/user20/4-1-1/up.csv,IMU/action_10/user20/4-1-1/down.csv,True,True,34,32,32,32,32,22,train
action_10,user21,10,21,2-2-1,True,True,IMU/action_10/user21/2-2-1/up.csv,IMU/action_10/user21/2-2-1/down.csv,True,True,123,122,123,123,123,22,train
action_10,user22,10,22,4-1-1,True,True,IMU/action_10/user22/4-1-1/up.csv,IMU/action_10/user22/4-1-1/down.csv,True,True,48,50,51,51,51,22,train
action_10,user24,10,24,1-2-1,True,True,IMU/action_10/user24/1-2-1/up.csv,IMU/action_10/user24/1-2-1/down.csv,True,True,43,44,45,45,44,22,train
action_10,user24,10,24,7-2-1,True,True,IMU/action_10/user24/7-2-1/up.csv,IMU/action_10/user24/7-2-1/down.csv,True,True,13,13,15,13,14,22,train
action_10,user3,10,3,5-2-1,True,True,IMU/action_10/user3/5-2-1/up.csv,IMU/action_10/user3/5-2-1/down.csv,True,True,7,7,8,6,7,22,train
action_10,user5,10,5,2-1-1,True,True,IMU/action_10/user5/2-1-1/up.csv,IMU/action_10/user5/2-1-1/down.csv,True,True,51,51,51,50,51,22,train
action_10,user6,10,6,4-1-1,True,True,IMU/action_10/user6/4-1-1/up.csv,IMU/action_10/user6/4-1-1/down.csv,True,True,33,34,34,33,33,22,train
action_10,user6,10,6,7-3-1,True,True,IMU/action_10/user6/7-3-1/up.csv,IMU/action_10/user6/7-3-1/down.csv,True,True,42,41,41,42,42,22,train
action_10,user8,10,8,6-2-1,True,True,IMU/action_10/user8/6-2-1/up.csv,IMU/action_10/user8/6-2-1/down.csv,True,True,25,24,26,26,24,22,train
action_11,user1,11,1,5-1-1,True,True,IMU/action_11/user1/5-1-1/up.csv,IMU/action_11/user1/5-1-1/down.csv,True,True,45,47,48,46,48,23,train
action_11,user16,11,16,4-1-1,True,True,IMU/action_11/user16/4-1-1/up.csv,IMU/action_11/user16/4-1-1/down.csv,True,True,49,50,49,50,49,23,train
action_11,user16,11,16,5-1-1,True,True,IMU/action_11/user16/5-1-1/up.csv,IMU/action_11/user16/5-1-1/down.csv,True,True,19,18,20,18,19,23,train
action_11,user17,11,17,6-2-1,True,True,IMU/action_11/user17/6-2-1/up.csv,IMU/action_11/user17/6-2-1/down.csv,True,True,46,45,44,45,45,23,test
action_11,user17,11,17,7-1-1,True,True,IMU/action_11/user17/7-1-1/up.csv,IMU/action_11/user17/7-1-1/down.csv,True,True,62,61,60,62,62,23,test
action_11,user18,11,18,1-2-1,True,True,IMU/action_11/user18/1-2-1/up.csv,IMU/action_11/user18/1-2-1/down.csv,True,True,229,229,228,227,229,23,train
action_11,user18,11,18,2-1-1,True,True,IMU/action_11/user18/2-1-1/up.csv,IMU/action_11/user18/2-1-1/down.csv,True,True,81,81,79,81,81,23,train
action_11,user18,11,18,4-1-1,True,True,IMU/action_11/user18/4-1-1/up.csv,IMU/action_11/user18/4-1-1/down.csv,True,True,209,208,209,209,209,23,train
action_11,user19,11,19,1-2-1,True,True,IMU/action_11/user19/1-2-1/up.csv,IMU/action_11/user19/1-2-1/down.csv,True,True,18,17,16,16,17,23,train
action_11,user2,11,2,6-1-1,True,True,IMU/action_11/user2/6-1-1/up.csv,IMU/action_11/user2/6-1-1/down.csv,True,True,27,27,27,28,26,23,train
action_11,user2,11,2,7-3-1,True,True,IMU/action_11/user2/7-3-1/up.csv,IMU/action_11/user2/7-3-1/down.csv,True,True,33,32,33,32,34,23,train
action_11,user20,11,20,6-3-1,True,True,IMU/action_11/user20/6-3-1/up.csv,IMU/action_11/user20/6-3-1/down.csv,True,True,38,38,37,38,38,23,train
action_11,user21,11,21,1-2-1,True,True,IMU/action_11/user21/1-2-1/up.csv,IMU/action_11/user21/1-2-1/down.csv,True,True,33,33,33,33,33,23,train
action_11,user21,11,21,5-2-1,True,True,IMU/action_11/user21/5-2-1/up.csv,IMU/action_11/user21/5-2-1/down.csv,True,True,13,9,10,11,11,23,train
action_11,user22,11,22,1-2-1,True,True,IMU/action_11/user22/1-2-1/up.csv,IMU/action_11/user22/1-2-1/down.csv,True,True,39,40,41,40,41,23,train
action_11,user23,11,23,4-2-1,True,True,IMU/action_11/user23/4-2-1/up.csv,IMU/action_11/user23/4-2-1/down.csv,True,True,35,36,36,36,35,23,train
action_11,user23,11,23,5-1-1,True,True,IMU/action_11/user23/5-1-1/up.csv,IMU/action_11/user23/5-1-1/down.csv,True,True,48,48,47,48,48,23,train
action_11,user24,11,24,5-1-1,True,True,IMU/action_11/user24/5-1-1/up.csv,IMU/action_11/user24/5-1-1/down.csv,True,True,31,32,32,32,32,23,train
action_11,user24,11,24,7-2-1,True,True,IMU/action_11/user24/7-2-1/up.csv,IMU/action_11/user24/7-2-1/down.csv,True,True,31,30,31,31,31,23,train
action_11,user3,11,3,1-2-1,True,True,IMU/action_11/user3/1-2-1/up.csv,IMU/action_11/user3/1-2-1/down.csv,True,True,21,20,20,21,21,23,train
action_11,user3,11,3,3-2-1,True,True,IMU/action_11/user3/3-2-1/up.csv,IMU/action_11/user3/3-2-1/down.csv,True,True,24,27,24,24,24,23,train
action_11,user3,11,3,5-2-1,True,True,IMU/action_11/user3/5-2-1/up.csv,IMU/action_11/user3/5-2-1/down.csv,True,True,22,24,22,23,22,23,train
action_11,user6,11,6,4-1-1,True,True,IMU/action_11/user6/4-1-1/up.csv,IMU/action_11/user6/4-1-1/down.csv,True,True,45,43,44,44,44,23,train
action_11,user6,11,6,5-1-1,True,True,IMU/action_11/user6/5-1-1/up.csv,IMU/action_11/user6/5-1-1/down.csv,True,True,97,97,98,97,97,23,train
action_11,user7,11,7,7-1-1,True,True,IMU/action_11/user7/7-1-1/up.csv,IMU/action_11/user7/7-1-1/down.csv,True,True,18,17,17,18,17,23,train
action_11,user8,11,8,1-2-1,True,True,IMU/action_11/user8/1-2-1/up.csv,IMU/action_11/user8/1-2-1/down.csv,True,True,145,145,146,146,147,23,train
action_11,user8,11,8,2-1-1,True,True,IMU/action_11/user8/2-1-1/up.csv,IMU/action_11/user8/2-1-1/down.csv,True,True,56,54,54,56,55,23,train
action_11,user9,11,9,1-2-1,True,True,IMU/action_11/user9/1-2-1/up.csv,IMU/action_11/user9/1-2-1/down.csv,True,True,40,41,42,42,39,23,train
action_11,user9,11,9,3-3-1,True,True,IMU/action_11/user9/3-3-1/up.csv,IMU/action_11/user9/3-3-1/down.csv,True,True,39,40,38,40,40,23,train
action_12,user16,12,16,5-1-1,True,True,IMU/action_12/user16/5-1-1/up.csv,IMU/action_12/user16/5-1-1/down.csv,True,True,76,76,76,75,75,24,train
action_12,user16,12,16,6-2-1,True,True,IMU/action_12/user16/6-2-1/up.csv,IMU/action_12/user16/6-2-1/down.csv,True,True,24,24,25,24,24,24,train
action_12,user17,12,17,1-2-1,True,True,IMU/action_12/user17/1-2-1/up.csv,IMU/action_12/user17/1-2-1/down.csv,True,True,44,44,44,45,45,24,test
action_12,user2,12,2,6-1-1,True,True,IMU/action_12/user2/6-1-1/up.csv,IMU/action_12/user2/6-1-1/down.csv,True,True,40,41,40,39,41,24,train
action_12,user2,12,2,7-3-1,True,True,IMU/action_12/user2/7-3-1/up.csv,IMU/action_12/user2/7-3-1/down.csv,True,True,20,20,20,20,20,24,train
action_12,user20,12,20,4-1-1,True,True,IMU/action_12/user20/4-1-1/up.csv,IMU/action_12/user20/4-1-1/down.csv,True,True,24,24,23,26,24,24,train
action_12,user21,12,21,1-2-1,True,True,IMU/action_12/user21/1-2-1/up.csv,IMU/action_12/user21/1-2-1/down.csv,True,True,30,30,29,30,30,24,train
action_12,user21,12,21,4-1-1,True,True,IMU/action_12/user21/4-1-1/up.csv,IMU/action_12/user21/4-1-1/down.csv,True,True,30,38,37,36,38,24,train
action_12,user21,12,21,5-2-1,True,True,IMU/action_12/user21/5-2-1/up.csv,IMU/action_12/user21/5-2-1/down.csv,True,True,17,9,18,17,17,24,train
action_12,user22,12,22,5-2-1,True,True,IMU/action_12/user22/5-2-1/up.csv,IMU/action_12/user22/5-2-1/down.csv,True,True,35,34,34,33,29,24,train
action_12,user23,12,23,7-3-1,True,True,IMU/action_12/user23/7-3-1/up.csv,IMU/action_12/user23/7-3-1/down.csv,True,True,40,40,40,40,39,24,train
action_12,user24,12,24,4-1-1,True,True,IMU/action_12/user24/4-1-1/up.csv,IMU/action_12/user24/4-1-1/down.csv,True,True,45,43,42,44,43,24,train
action_12,user24,12,24,5-1-1,True,True,IMU/action_12/user24/5-1-1/up.csv,IMU/action_12/user24/5-1-1/down.csv,True,True,44,46,44,44,44,24,train
action_12,user4,12,4,3-2-1,True,True,IMU/action_12/user4/3-2-1/up.csv,IMU/action_12/user4/3-2-1/down.csv,True,True,53,52,53,51,53,24,train
action_12,user4,12,4,6-1-1,True,True,IMU/action_12/user4/6-1-1/up.csv,IMU/action_12/user4/6-1-1/down.csv,True,True,44,43,43,44,43,24,train
action_12,user6,12,6,5-1-1,True,True,IMU/action_12/user6/5-1-1/up.csv,IMU/action_12/user6/5-1-1/down.csv,True,True,97,97,98,97,97,24,train
action_12,user6,12,6,6-2-1,True,True,IMU/action_12/user6/6-2-1/up.csv,IMU/action_12/user6/6-2-1/down.csv,True,True,12,12,11,11,12,24,train
action_12,user7,12,7,1-2-1,True,True,IMU/action_12/user7/1-2-1/up.csv,IMU/action_12/user7/1-2-1/down.csv,True,True,47,48,49,49,48,24,train
action_13,user1,13,1,1-1-1,True,True,IMU/action_13/user1/1-1-1/up.csv,IMU/action_13/user1/1-1-1/down.csv,True,True,49,49,50,50,49,29,train
action_13,user1,13,1,3-2-1,True,True,IMU/action_13/user1/3-2-1/up.csv,IMU/action_13/user1/3-2-1/down.csv,True,True,33,33,34,32,32,29,train
action_13,user16,13,16,3-1-1,True,True,IMU/action_13/user16/3-1-1/up.csv,IMU/action_13/user16/3-1-1/down.csv,True,True,69,69,69,67,69,29,train
action_13,user17,13,17,4-1-1,True,True,IMU/action_13/user17/4-1-1/up.csv,IMU/action_13/user17/4-1-1/down.csv,True,True,46,46,45,45,45,29,test
action_13,user18,13,18,6-1-1,True,True,IMU/action_13/user18/6-1-1/up.csv,IMU/action_13/user18/6-1-1/down.csv,True,True,39,38,39,37,39,29,train
action_13,user19,13,19,2-2-1,True,True,IMU/action_13/user19/2-2-1/up.csv,IMU/action_13/user19/2-2-1/down.csv,True,True,37,35,39,36,29,29,train
action_13,user19,13,19,5-3-1,True,True,IMU/action_13/user19/5-3-1/up.csv,IMU/action_13/user19/5-3-1/down.csv,True,True,27,26,27,27,27,29,train
action_13,user2,13,2,2-2-1,True,True,IMU/action_13/user2/2-2-1/up.csv,IMU/action_13/user2/2-2-1/down.csv,True,True,60,59,60,58,60,29,train
action_13,user20,13,20,1-2-1,True,True,IMU/action_13/user20/1-2-1/up.csv,IMU/action_13/user20/1-2-1/down.csv,True,True,19,18,16,17,18,29,train
action_13,user20,13,20,6-1-1,True,True,IMU/action_13/user20/6-1-1/up.csv,IMU/action_13/user20/6-1-1/down.csv,True,True,37,36,36,37,35,29,train
action_13,user21,13,21,3-2-1,True,True,IMU/action_13/user21/3-2-1/up.csv,IMU/action_13/user21/3-2-1/down.csv,True,True,17,14,16,15,17,29,train
action_13,user22,13,22,6-2-1,True,True,IMU/action_13/user22/6-2-1/up.csv,IMU/action_13/user22/6-2-1/down.csv,True,True,9,11,9,11,10,29,train
action_13,user23,13,23,1-2-1,True,True,IMU/action_13/user23/1-2-1/up.csv,IMU/action_13/user23/1-2-1/down.csv,True,True,30,30,29,29,29,29,train
action_13,user23,13,23,6-1-1,True,True,IMU/action_13/user23/6-1-1/up.csv,IMU/action_13/user23/6-1-1/down.csv,True,True,33,32,34,33,33,29,train
action_13,user23,13,23,6-3-1,True,True,IMU/action_13/user23/6-3-1/up.csv,IMU/action_13/user23/6-3-1/down.csv,True,True,59,60,60,59,60,29,train
action_13,user24,13,24,6-3-1,True,True,IMU/action_13/user24/6-3-1/up.csv,IMU/action_13/user24/6-3-1/down.csv,True,True,72,72,71,71,70,29,train
action_13,user6,13,6,3-1-1,True,True,IMU/action_13/user6/3-1-1/up.csv,IMU/action_13/user6/3-1-1/down.csv,True,True,14,15,15,15,15,29,train
action_13,user7,13,7,4-1-1,True,True,IMU/action_13/user7/4-1-1/up.csv,IMU/action_13/user7/4-1-1/down.csv,True,True,33,32,34,33,33,29,train
action_13,user9,13,9,2-2-1,True,True,IMU/action_13/user9/2-2-1/up.csv,IMU/action_13/user9/2-2-1/down.csv,True,True,20,21,20,21,20,29,train
action_13,user9,13,9,3-3-1,True,True,IMU/action_13/user9/3-3-1/up.csv,IMU/action_13/user9/3-3-1/down.csv,True,True,8,6,7,6,5,29,train
action_13,user9,13,9,5-3-1,True,True,IMU/action_13/user9/5-3-1/up.csv,IMU/action_13/user9/5-3-1/down.csv,True,True,17,16,16,17,17,29,train
action_02,user1,2,1,1-1-1,True,True,IMU/action_02/user1/1-1-1/up.csv,IMU/action_02/user1/1-1-1/down.csv,True,True,53,54,53,55,54,2,train
action_02,user16,2,16,2-2-1,True,True,IMU/action_02/user16/2-2-1/up.csv,IMU/action_02/user16/2-2-1/down.csv,True,True,31,31,30,29,30,2,train
action_02,user17,2,17,1-1-1,True,True,IMU/action_02/user17/1-1-1/up.csv,IMU/action_02/user17/1-1-1/down.csv,True,True,69,69,70,69,69,2,test
action_02,user18,2,18,7-1-1,True,True,IMU/action_02/user18/7-1-1/up.csv,IMU/action_02/user18/7-1-1/down.csv,True,True,23,23,22,23,24,2,train
action_02,user19,2,19,1-1-1,True,True,IMU/action_02/user19/1-1-1/up.csv,IMU/action_02/user19/1-1-1/down.csv,True,True,10,10,10,10,10,2,train
action_02,user2,2,2,7-3-1,True,True,IMU/action_02/user2/7-3-1/up.csv,IMU/action_02/user2/7-3-1/down.csv,True,True,26,24,26,25,25,2,train
action_02,user20,2,20,1-1-1,True,True,IMU/action_02/user20/1-1-1/up.csv,IMU/action_02/user20/1-1-1/down.csv,True,True,24,23,23,23,23,2,train
action_02,user21,2,21,4-2-1,True,True,IMU/action_02/user21/4-2-1/up.csv,IMU/action_02/user21/4-2-1/down.csv,True,True,13,14,15,14,14,2,train
action_02,user22,2,22,1-2-1,True,True,IMU/action_02/user22/1-2-1/up.csv,IMU/action_02/user22/1-2-1/down.csv,True,True,16,17,16,17,16,2,train
action_02,user22,2,22,2-2-1,True,True,IMU/action_02/user22/2-2-1/up.csv,IMU/action_02/user22/2-2-1/down.csv,True,True,11,12,12,12,15,2,train
action_02,user23,2,23,2-2-1,True,True,IMU/action_02/user23/2-2-1/up.csv,IMU/action_02/user23/2-2-1/down.csv,True,True,34,35,34,35,34,2,train
action_02,user24,2,24,7-1-1,True,True,IMU/action_02/user24/7-1-1/up.csv,IMU/action_02/user24/7-1-1/down.csv,True,True,13,12,11,12,13,2,train
action_02,user3,2,3,1-2-1,True,True,IMU/action_02/user3/1-2-1/up.csv,IMU/action_02/user3/1-2-1/down.csv,True,True,10,12,10,10,11,2,train
action_02,user5,2,5,1-1-1,True,True,IMU/action_02/user5/1-1-1/up.csv,IMU/action_02/user5/1-1-1/down.csv,True,True,63,64,65,65,59,2,train
action_02,user5,2,5,7-1-1,True,True,IMU/action_02/user5/7-1-1/up.csv,IMU/action_02/user5/7-1-1/down.csv,True,True,70,70,69,69,69,2,train
action_02,user6,2,6,2-2-1,True,True,IMU/action_02/user6/2-2-1/up.csv,IMU/action_02/user6/2-2-1/down.csv,True,True,22,21,22,23,23,2,train
action_02,user7,2,7,1-1-1,True,True,IMU/action_02/user7/1-1-1/up.csv,IMU/action_02/user7/1-1-1/down.csv,True,True,34,34,33,35,34,2,train
action_02,user9,2,9,1-1-1,True,True,IMU/action_02/user9/1-1-1/up.csv,IMU/action_02/user9/1-1-1/down.csv,True,True,19,19,19,18,19,2,train
action_14,user1,14,1,7-1-1,True,True,IMU/action_14/user1/7-1-1/up.csv,IMU/action_14/user1/7-1-1/down.csv,True,True,47,47,49,48,50,31,train
action_14,user17,14,17,3-1-1,True,True,IMU/action_14/user17/3-1-1/up.csv,IMU/action_14/user17/3-1-1/down.csv,True,True,17,19,18,18,19,31,test
action_14,user17,14,17,4-1-1,True,True,IMU/action_14/user17/4-1-1/up.csv,IMU/action_14/user17/4-1-1/down.csv,True,True,23,23,23,23,23,31,test
action_14,user18,14,18,5-1-1,True,True,IMU/action_14/user18/5-1-1/up.csv,IMU/action_14/user18/5-1-1/down.csv,True,True,12,13,12,13,12,31,train
action_14,user18,14,18,6-1-1,True,True,IMU/action_14/user18/6-1-1/up.csv,IMU/action_14/user18/6-1-1/down.csv,True,True,37,36,37,35,35,31,train
action_14,user18,14,18,6-2-1,True,True,IMU/action_14/user18/6-2-1/up.csv,IMU/action_14/user18/6-2-1/down.csv,True,True,21,19,19,21,20,31,train
action_14,user19,14,19,1-1-1,True,True,IMU/action_14/user19/1-1-1/up.csv,IMU/action_14/user19/1-1-1/down.csv,True,True,25,24,25,23,25,31,train
action_14,user2,14,2,1-2-1,True,True,IMU/action_14/user2/1-2-1/up.csv,IMU/action_14/user2/1-2-1/down.csv,True,True,19,22,19,18,21,31,train
action_14,user2,14,2,2-2-1,True,True,IMU/action_14/user2/2-2-1/up.csv,IMU/action_14/user2/2-2-1/down.csv,True,True,75,74,75,76,75,31,train
action_14,user2,14,2,6-1-1,True,True,IMU/action_14/user2/6-1-1/up.csv,IMU/action_14/user2/6-1-1/down.csv,True,True,29,28,28,29,27,31,train
action_14,user2,14,2,7-3-1,True,True,IMU/action_14/user2/7-3-1/up.csv,IMU/action_14/user2/7-3-1/down.csv,True,True,48,47,48,47,48,31,train
action_14,user20,14,20,1-2-1,True,True,IMU/action_14/user20/1-2-1/up.csv,IMU/action_14/user20/1-2-1/down.csv,True,True,31,32,32,31,31,31,train
action_14,user22,14,22,3-2-1,True,True,IMU/action_14/user22/3-2-1/up.csv,IMU/action_14/user22/3-2-1/down.csv,True,True,13,13,14,13,12,31,train
action_14,user22,14,22,6-2-1,True,True,IMU/action_14/user22/6-2-1/up.csv,IMU/action_14/user22/6-2-1/down.csv,True,True,48,49,49,49,49,31,train
action_14,user22,14,22,7-3-1,True,True,IMU/action_14/user22/7-3-1/up.csv,IMU/action_14/user22/7-3-1/down.csv,True,True,17,17,18,16,16,31,train
action_14,user23,14,23,6-1-1,True,True,IMU/action_14/user23/6-1-1/up.csv,IMU/action_14/user23/6-1-1/down.csv,True,True,44,46,44,44,44,31,train
action_14,user23,14,23,7-3-1,True,True,IMU/action_14/user23/7-3-1/up.csv,IMU/action_14/user23/7-3-1/down.csv,True,True,25,24,24,24,24,31,train
action_14,user24,14,24,3-2-1,True,True,IMU/action_14/user24/3-2-1/up.csv,IMU/action_14/user24/3-2-1/down.csv,True,True,53,55,52,53,53,31,train
action_14,user3,14,3,7-1-1,True,True,IMU/action_14/user3/7-1-1/up.csv,IMU/action_14/user3/7-1-1/down.csv,True,True,37,38,37,37,38,31,train
action_14,user4,14,4,3-2-1,True,True,IMU/action_14/user4/3-2-1/up.csv,IMU/action_14/user4/3-2-1/down.csv,True,True,50,50,50,50,50,31,train
action_14,user7,14,7,2-2-1,True,True,IMU/action_14/user7/2-2-1/up.csv,IMU/action_14/user7/2-2-1/down.csv,True,True,42,44,41,42,42,31,train
action_14,user7,14,7,4-1-1,True,True,IMU/action_14/user7/4-1-1/up.csv,IMU/action_14/user7/4-1-1/down.csv,True,True,14,16,14,16,14,31,train
action_14,user8,14,8,5-1-1,True,True,IMU/action_14/user8/5-1-1/up.csv,IMU/action_14/user8/5-1-1/down.csv,True,True,26,25,25,26,27,31,train
action_14,user8,14,8,6-1-1,True,True,IMU/action_14/user8/6-1-1/up.csv,IMU/action_14/user8/6-1-1/down.csv,True,True,14,13,15,13,13,31,train
action_14,user8,14,8,6-2-1,True,True,IMU/action_14/user8/6-2-1/up.csv,IMU/action_14/user8/6-2-1/down.csv,True,True,46,47,47,46,47,31,train
action_14,user9,14,9,1-1-1,True,True,IMU/action_14/user9/1-1-1/up.csv,IMU/action_14/user9/1-1-1/down.csv,True,True,35,35,36,36,35,31,train
action_15,user1,15,1,2-2-1,True,True,IMU/action_15/user1/2-2-1/up.csv,IMU/action_15/user1/2-2-1/down.csv,True,True,11,11,11,11,14,32,train
action_15,user16,15,16,3-1-1,True,True,IMU/action_15/user16/3-1-1/up.csv,IMU/action_15/user16/3-1-1/down.csv,True,True,9,12,11,10,11,32,train
action_15,user17,15,17,4-1-1,True,True,IMU/action_15/user17/4-1-1/up.csv,IMU/action_15/user17/4-1-1/down.csv,True,True,8,10,10,11,10,32,test
action_15,user18,15,18,5-1-1,True,True,IMU/action_15/user18/5-1-1/up.csv,IMU/action_15/user18/5-1-1/down.csv,True,True,6,5,5,5,6,32,train
action_15,user18,15,18,6-2-1,True,True,IMU/action_15/user18/6-2-1/up.csv,IMU/action_15/user18/6-2-1/down.csv,True,True,6,6,5,6,5,32,train
action_15,user19,15,19,5-1-1,True,True,IMU/action_15/user19/5-1-1/up.csv,IMU/action_15/user19/5-1-1/down.csv,True,True,15,16,16,15,15,32,train
action_15,user20,15,20,6-3-1,True,True,IMU/action_15/user20/6-3-1/up.csv,IMU/action_15/user20/6-3-1/down.csv,True,True,13,13,12,13,13,32,train
action_15,user21,15,21,4-1-1,True,True,IMU/action_15/user21/4-1-1/up.csv,IMU/action_15/user21/4-1-1/down.csv,True,True,8,8,9,9,8,32,train
action_15,user22,15,22,7-2-1,True,True,IMU/action_15/user22/7-2-1/up.csv,IMU/action_15/user22/7-2-1/down.csv,True,True,2,3,4,3,4,32,train
action_15,user22,15,22,7-3-1,True,True,IMU/action_15/user22/7-3-1/up.csv,IMU/action_15/user22/7-3-1/down.csv,True,True,12,13,13,12,10,32,train
action_15,user23,15,23,7-1-1,True,True,IMU/action_15/user23/7-1-1/up.csv,IMU/action_15/user23/7-1-1/down.csv,True,True,20,19,19,18,17,32,train
action_15,user23,15,23,7-3-1,True,True,IMU/action_15/user23/7-3-1/up.csv,IMU/action_15/user23/7-3-1/down.csv,True,True,13,12,11,12,13,32,train
action_15,user24,15,24,5-1-1,True,True,IMU/action_15/user24/5-1-1/up.csv,IMU/action_15/user24/5-1-1/down.csv,True,True,6,7,8,8,9,32,train
action_15,user24,15,24,6-3-1,True,True,IMU/action_15/user24/6-3-1/up.csv,IMU/action_15/user24/6-3-1/down.csv,True,True,14,14,13,14,13,32,train
action_15,user3,15,3,7-1-1,True,True,IMU/action_15/user3/7-1-1/up.csv,IMU/action_15/user3/7-1-1/down.csv,True,True,8,9,9,8,9,32,train
action_15,user4,15,4,3-2-1,True,True,IMU/action_15/user4/3-2-1/up.csv,IMU/action_15/user4/3-2-1/down.csv,True,True,14,14,13,14,13,32,train
action_15,user4,15,4,7-2-1,True,True,IMU/action_15/user4/7-2-1/up.csv,IMU/action_15/user4/7-2-1/down.csv,True,True,15,10,13,14,14,32,train
action_15,user8,15,8,5-1-1,True,True,IMU/action_15/user8/5-1-1/up.csv,IMU/action_15/user8/5-1-1/down.csv,True,True,4,4,5,4,4,32,train
action_16,user1,16,1,2-2-1,True,True,IMU/action_16/user1/2-2-1/up.csv,IMU/action_16/user1/2-2-1/down.csv,True,True,13,13,13,12,15,34,train
action_16,user1,16,1,7-1-1,True,True,IMU/action_16/user1/7-1-1/up.csv,IMU/action_16/user1/7-1-1/down.csv,True,True,16,15,15,15,15,34,train
action_16,user16,16,16,7-1-1,True,True,IMU/action_16/user16/7-1-1/up.csv,IMU/action_16/user16/7-1-1/down.csv,True,True,6,6,6,6,8,34,train
action_16,user17,16,17,1-2-1,True,True,IMU/action_16/user17/1-2-1/up.csv,IMU/action_16/user17/1-2-1/down.csv,True,True,10,12,11,11,11,34,test
action_16,user17,16,17,2-2-1,True,True,IMU/action_16/user17/2-2-1/up.csv,IMU/action_16/user17/2-2-1/down.csv,True,True,10,10,11,10,10,34,test
action_16,user18,16,18,2-1-1,True,True,IMU/action_16/user18/2-1-1/up.csv,IMU/action_16/user18/2-1-1/down.csv,True,True,317,317,318,320,316,34,train
action_16,user18,16,18,4-1-1,True,True,IMU/action_16/user18/4-1-1/up.csv,IMU/action_16/user18/4-1-1/down.csv,True,True,1,2,1,2,1,34,train
action_16,user18,16,18,5-1-1,True,True,IMU/action_16/user18/5-1-1/up.csv,IMU/action_16/user18/5-1-1/down.csv,True,True,115,115,114,115,114,34,train
action_16,user19,16,19,1-2-1,True,True,IMU/action_16/user19/1-2-1/up.csv,IMU/action_16/user19/1-2-1/down.csv,True,True,10,11,11,11,11,34,train
action_16,user19,16,19,5-3-1,True,True,IMU/action_16/user19/5-3-1/up.csv,IMU/action_16/user19/5-3-1/down.csv,True,True,11,10,11,10,8,34,train
action_16,user2,16,2,4-3-1,True,True,IMU/action_16/user2/4-3-1/up.csv,IMU/action_16/user2/4-3-1/down.csv,True,True,11,13,11,11,10,34,train
action_16,user2,16,2,7-1-1,True,True,IMU/action_16/user2/7-1-1/up.csv,IMU/action_16/user2/7-1-1/down.csv,True,True,23,22,23,23,23,34,train
action_16,user2,16,2,7-3-1,True,True,IMU/action_16/user2/7-3-1/up.csv,IMU/action_16/user2/7-3-1/down.csv,True,True,13,13,13,12,13,34,train
action_16,user22,16,22,4-3-1,True,True,IMU/action_16/user22/4-3-1/up.csv,IMU/action_16/user22/4-3-1/down.csv,True,True,4,3,4,3,3,34,train
action_16,user24,16,24,4-1-1,True,True,IMU/action_16/user24/4-1-1/up.csv,IMU/action_16/user24/4-1-1/down.csv,True,True,15,15,15,13,14,34,train
action_16,user24,16,24,5-3-1,True,True,IMU/action_16/user24/5-3-1/up.csv,IMU/action_16/user24/5-3-1/down.csv,True,True,8,8,9,7,9,34,train
action_16,user24,16,24,7-2-1,True,True,IMU/action_16/user24/7-2-1/up.csv,IMU/action_16/user24/7-2-1/down.csv,True,True,10,10,9,10,9,34,train
action_16,user3,16,3,5-2-1,True,True,IMU/action_16/user3/5-2-1/up.csv,IMU/action_16/user3/5-2-1/down.csv,True,True,5,5,4,5,5,34,train
action_16,user5,16,5,3-1-1,True,True,IMU/action_16/user5/3-1-1/up.csv,IMU/action_16/user5/3-1-1/down.csv,True,True,22,22,22,22,21,34,train
action_16,user6,16,6,4-1-1,True,True,IMU/action_16/user6/4-1-1/up.csv,IMU/action_16/user6/4-1-1/down.csv,True,True,10,11,10,9,10,34,train
action_16,user6,16,6,7-1-1,True,True,IMU/action_16/user6/7-1-1/up.csv,IMU/action_16/user6/7-1-1/down.csv,True,True,12,13,11,21,21,34,train
action_16,user6,16,6,7-3-1,True,True,IMU/action_16/user6/7-3-1/up.csv,IMU/action_16/user6/7-3-1/down.csv,True,True,30,33,31,31,32,34,train
action_16,user7,16,7,4-1-1,True,True,IMU/action_16/user7/4-1-1/up.csv,IMU/action_16/user7/4-1-1/down.csv,True,True,9,9,8,11,9,34,train
action_16,user7,16,7,5-3-1,True,True,IMU/action_16/user7/5-3-1/up.csv,IMU/action_16/user7/5-3-1/down.csv,True,True,31,31,31,30,33,34,train
action_16,user7,16,7,6-3-1,True,True,IMU/action_16/user7/6-3-1/up.csv,IMU/action_16/user7/6-3-1/down.csv,True,True,9,12,10,11,12,34,train
action_16,user7,16,7,7-1-1,True,True,IMU/action_16/user7/7-1-1/up.csv,IMU/action_16/user7/7-1-1/down.csv,True,True,12,13,14,12,14,34,train
action_16,user8,16,8,5-1-1,True,True,IMU/action_16/user8/5-1-1/up.csv,IMU/action_16/user8/5-1-1/down.csv,True,True,11,9,10,10,9,34,train
action_16,user9,16,9,6-1-1,True,True,IMU/action_16/user9/6-1-1/up.csv,IMU/action_16/user9/6-1-1/down.csv,True,True,8,9,8,9,9,34,train
action_17,user1,17,1,7-1-1,True,True,IMU/action_17/user1/7-1-1/up.csv,IMU/action_17/user1/7-1-1/down.csv,True,True,61,61,61,60,60,37,train
action_17,user16,17,16,6-2-1,True,True,IMU/action_17/user16/6-2-1/up.csv,IMU/action_17/user16/6-2-1/down.csv,True,True,25,26,25,25,26,37,train
action_17,user17,17,17,4-1-1,True,True,IMU/action_17/user17/4-1-1/up.csv,IMU/action_17/user17/4-1-1/down.csv,True,True,25,25,24,25,26,37,test
action_17,user18,17,18,7-1-1,True,True,IMU/action_17/user18/7-1-1/up.csv,IMU/action_17/user18/7-1-1/down.csv,True,True,6,5,5,5,6,37,train
action_17,user18,17,18,7-2-1,True,True,IMU/action_17/user18/7-2-1/up.csv,IMU/action_17/user18/7-2-1/down.csv,True,True,8,8,8,7,9,37,train
action_17,user19,17,19,6-2-1,True,True,IMU/action_17/user19/6-2-1/up.csv,IMU/action_17/user19/6-2-1/down.csv,True,True,19,18,18,17,18,37,train
action_17,user19,17,19,7-1-1,True,True,IMU/action_17/user19/7-1-1/up.csv,IMU/action_17/user19/7-1-1/down.csv,True,True,32,31,32,33,30,37,train
action_17,user2,17,2,7-1-1,True,True,IMU/action_17/user2/7-1-1/up.csv,IMU/action_17/user2/7-1-1/down.csv,True,True,43,43,43,44,43,37,train
action_17,user20,17,20,7-1-1,True,True,IMU/action_17/user20/7-1-1/up.csv,IMU/action_17/user20/7-1-1/down.csv,True,True,57,58,57,57,58,37,train
action_17,user21,17,21,7-1-1,True,True,IMU/action_17/user21/7-1-1/up.csv,IMU/action_17/user21/7-1-1/down.csv,True,True,11,11,13,11,11,37,train
action_17,user22,17,22,7-1-1,True,True,IMU/action_17/user22/7-1-1/up.csv,IMU/action_17/user22/7-1-1/down.csv,True,True,15,17,15,17,16,37,train
action_17,user23,17,23,7-1-1,True,True,IMU/action_17/user23/7-1-1/up.csv,IMU/action_17/user23/7-1-1/down.csv,True,True,41,40,42,39,42,37,train
action_17,user23,17,23,7-2-1,True,True,IMU/action_17/user23/7-2-1/up.csv,IMU/action_17/user23/7-2-1/down.csv,True,True,29,28,29,28,29,37,train
action_17,user24,17,24,5-2-1,True,True,IMU/action_17/user24/5-2-1/up.csv,IMU/action_17/user24/5-2-1/down.csv,True,True,49,49,49,49,50,37,train
action_17,user24,17,24,7-1-1,True,True,IMU/action_17/user24/7-1-1/up.csv,IMU/action_17/user24/7-1-1/down.csv,True,True,25,25,27,24,25,37,train
action_17,user3,17,3,2-2-1,True,True,IMU/action_17/user3/2-2-1/up.csv,IMU/action_17/user3/2-2-1/down.csv,True,True,54,53,52,53,53,37,train
action_17,user3,17,3,7-1-1,True,True,IMU/action_17/user3/7-1-1/up.csv,IMU/action_17/user3/7-1-1/down.csv,True,True,9,9,9,9,8,37,train
action_17,user4,17,4,7-1-1,True,True,IMU/action_17/user4/7-1-1/up.csv,IMU/action_17/user4/7-1-1/down.csv,True,True,71,72,72,71,72,37,train
action_17,user6,17,6,6-2-1,True,True,IMU/action_17/user6/6-2-1/up.csv,IMU/action_17/user6/6-2-1/down.csv,True,True,31,32,32,31,32,37,train
action_17,user7,17,7,4-1-1,True,True,IMU/action_17/user7/4-1-1/up.csv,IMU/action_17/user7/4-1-1/down.csv,True,True,30,31,31,31,31,37,train
action_17,user8,17,8,7-1-1,True,True,IMU/action_17/user8/7-1-1/up.csv,IMU/action_17/user8/7-1-1/down.csv,True,True,46,47,47,46,47,37,train
action_17,user8,17,8,7-2-1,True,True,IMU/action_17/user8/7-2-1/up.csv,IMU/action_17/user8/7-2-1/down.csv,True,True,30,31,31,29,28,37,train
action_17,user9,17,9,6-2-1,True,True,IMU/action_17/user9/6-2-1/up.csv,IMU/action_17/user9/6-2-1/down.csv,True,True,43,43,43,43,43,37,train
action_17,user9,17,9,7-1-1,True,True,IMU/action_17/user9/7-1-1/up.csv,IMU/action_17/user9/7-1-1/down.csv,True,True,18,18,17,19,17,37,train
action_18,user1,18,1,7-1-1,True,True,IMU/action_18/user1/7-1-1/up.csv,IMU/action_18/user1/7-1-1/down.csv,True,True,65,67,67,66,65,38,train
action_18,user16,18,16,7-1-1,True,True,IMU/action_18/user16/7-1-1/up.csv,IMU/action_18/user16/7-1-1/down.csv,True,True,60,59,60,60,60,38,train
action_18,user18,18,18,7-1-1,True,True,IMU/action_18/user18/7-1-1/up.csv,IMU/action_18/user18/7-1-1/down.csv,True,True,34,33,33,33,33,38,train
action_18,user19,18,19,5-3-1,True,True,IMU/action_18/user19/5-3-1/up.csv,IMU/action_18/user19/5-3-1/down.csv,True,True,22,23,24,24,24,38,train
action_18,user19,18,19,7-1-1,True,True,IMU/action_18/user19/7-1-1/up.csv,IMU/action_18/user19/7-1-1/down.csv,True,True,53,54,54,53,53,38,train
action_18,user2,18,2,2-2-1,True,True,IMU/action_18/user2/2-2-1/up.csv,IMU/action_18/user2/2-2-1/down.csv,True,True,50,49,50,50,50,38,train
action_18,user2,18,2,7-3-1,True,True,IMU/action_18/user2/7-3-1/up.csv,IMU/action_18/user2/7-3-1/down.csv,True,True,72,70,72,73,72,38,train
action_18,user20,18,20,6-2-1,True,True,IMU/action_18/user20/6-2-1/up.csv,IMU/action_18/user20/6-2-1/down.csv,True,True,39,39,38,39,39,38,train
action_18,user20,18,20,7-1-1,True,True,IMU/action_18/user20/7-1-1/up.csv,IMU/action_18/user20/7-1-1/down.csv,True,True,16,15,16,16,16,38,train
action_18,user21,18,21,3-2-1,True,True,IMU/action_18/user21/3-2-1/up.csv,IMU/action_18/user21/3-2-1/down.csv,True,True,24,24,23,23,22,38,train
action_18,user21,18,21,7-1-1,True,True,IMU/action_18/user21/7-1-1/up.csv,IMU/action_18/user21/7-1-1/down.csv,True,True,21,21,22,21,20,38,train
action_18,user21,18,21,7-2-1,True,True,IMU/action_18/user21/7-2-1/up.csv,IMU/action_18/user21/7-2-1/down.csv,True,True,14,14,15,15,13,38,train
action_18,user22,18,22,5-1-1,True,True,IMU/action_18/user22/5-1-1/up.csv,IMU/action_18/user22/5-1-1/down.csv,True,True,36,36,37,36,38,38,train
action_18,user22,18,22,6-2-1,True,True,IMU/action_18/user22/6-2-1/up.csv,IMU/action_18/user22/6-2-1/down.csv,True,True,34,33,35,33,34,38,train
action_18,user23,18,23,2-2-1,True,True,IMU/action_18/user23/2-2-1/up.csv,IMU/action_18/user23/2-2-1/down.csv,True,True,19,20,19,20,19,38,train
action_18,user23,18,23,7-1-1,True,True,IMU/action_18/user23/7-1-1/up.csv,IMU/action_18/user23/7-1-1/down.csv,True,True,29,28,29,27,28,38,train
action_18,user24,18,24,4-3-1,True,True,IMU/action_18/user24/4-3-1/up.csv,IMU/action_18/user24/4-3-1/down.csv,True,True,36,35,36,36,36,38,train
action_18,user24,18,24,7-1-1,True,True,IMU/action_18/user24/7-1-1/up.csv,IMU/action_18/user24/7-1-1/down.csv,True,True,30,29,31,29,30,38,train
action_18,user3,18,3,2-2-1,True,True,IMU/action_18/user3/2-2-1/up.csv,IMU/action_18/user3/2-2-1/down.csv,True,True,33,31,32,33,31,38,train
action_18,user3,18,3,7-1-1,True,True,IMU/action_18/user3/7-1-1/up.csv,IMU/action_18/user3/7-1-1/down.csv,True,True,40,42,40,41,38,38,train
action_18,user6,18,6,7-1-1,True,True,IMU/action_18/user6/7-1-1/up.csv,IMU/action_18/user6/7-1-1/down.csv,True,True,87,86,87,87,87,38,train
action_19,user16,19,16,6-2-1,True,True,IMU/action_19/user16/6-2-1/up.csv,IMU/action_19/user16/6-2-1/down.csv,True,True,37,36,38,37,38,39,train
action_19,user17,19,17,4-1-1,True,True,IMU/action_19/user17/4-1-1/up.csv,IMU/action_19/user17/4-1-1/down.csv,True,True,93,94,94,95,94,39,test
action_19,user17,19,17,7-1-1,True,True,IMU/action_19/user17/7-1-1/up.csv,IMU/action_19/user17/7-1-1/down.csv,True,True,39,39,38,37,38,39,test
action_19,user18,19,18,7-1-1,True,True,IMU/action_19/user18/7-1-1/up.csv,IMU/action_19/user18/7-1-1/down.csv,True,True,41,41,42,40,41,39,train
action_19,user19,19,19,6-2-1,True,True,IMU/action_19/user19/6-2-1/up.csv,IMU/action_19/user19/6-2-1/down.csv,True,True,22,20,20,20,22,39,train
action_19,user19,19,19,7-1-1,True,True,IMU/action_19/user19/7-1-1/up.csv,IMU/action_19/user19/7-1-1/down.csv,True,True,41,41,41,41,42,39,train
action_19,user2,19,2,2-2-1,True,True,IMU/action_19/user2/2-2-1/up.csv,IMU/action_19/user2/2-2-1/down.csv,True,True,48,48,47,47,46,39,train
action_19,user21,19,21,3-2-1,True,True,IMU/action_19/user21/3-2-1/up.csv,IMU/action_19/user21/3-2-1/down.csv,True,True,28,29,28,28,28,39,train
action_19,user21,19,21,6-1-1,True,True,IMU/action_19/user21/6-1-1/up.csv,IMU/action_19/user21/6-1-1/down.csv,True,True,23,22,24,22,22,39,train
action_19,user22,19,22,5-1-1,True,True,IMU/action_19/user22/5-1-1/up.csv,IMU/action_19/user22/5-1-1/down.csv,True,True,23,18,23,22,25,39,train
action_19,user23,19,23,7-2-1,True,True,IMU/action_19/user23/7-2-1/up.csv,IMU/action_19/user23/7-2-1/down.csv,True,True,28,29,29,33,28,39,train
action_19,user24,19,24,5-2-1,True,True,IMU/action_19/user24/5-2-1/up.csv,IMU/action_19/user24/5-2-1/down.csv,True,True,12,12,12,12,13,39,train
action_19,user24,19,24,7-1-1,True,True,IMU/action_19/user24/7-1-1/up.csv,IMU/action_19/user24/7-1-1/down.csv,True,True,36,35,36,37,36,39,train
action_19,user6,19,6,6-2-1,True,True,IMU/action_19/user6/6-2-1/up.csv,IMU/action_19/user6/6-2-1/down.csv,True,True,28,29,29,29,27,39,train
action_19,user7,19,7,4-1-1,True,True,IMU/action_19/user7/4-1-1/up.csv,IMU/action_19/user7/4-1-1/down.csv,True,True,13,12,13,12,12,39,train
action_19,user7,19,7,7-1-1,True,True,IMU/action_19/user7/7-1-1/up.csv,IMU/action_19/user7/7-1-1/down.csv,True,True,41,39,41,41,39,39,train
action_19,user9,19,9,6-2-1,True,True,IMU/action_19/user9/6-2-1/up.csv,IMU/action_19/user9/6-2-1/down.csv,True,True,10,9,8,8,8,39,train
action_19,user9,19,9,7-1-1,True,True,IMU/action_19/user9/7-1-1/up.csv,IMU/action_19/user9/7-1-1/down.csv,True,True,14,17,17,15,16,39,train
action_03,user1,3,1,1-1-1,True,True,IMU/action_03/user1/1-1-1/up.csv,IMU/action_03/user1/1-1-1/down.csv,True,True,44,46,47,45,44,4,train
action_03,user16,3,16,2-2-1,True,True,IMU/action_03/user16/2-2-1/up.csv,IMU/action_03/user16/2-2-1/down.csv,True,True,33,33,32,32,35,4,train
action_03,user17,3,17,1-1-1,True,True,IMU/action_03/user17/1-1-1/up.csv,IMU/action_03/user17/1-1-1/down.csv,True,True,44,44,45,44,44,4,test
action_03,user17,3,17,7-2-1,True,True,IMU/action_03/user17/7-2-1/up.csv,IMU/action_03/user17/7-2-1/down.csv,True,True,44,43,44,44,44,4,test
action_03,user18,3,18,1-1-1,True,True,IMU/action_03/user18/1-1-1/up.csv,IMU/action_03/user18/1-1-1/down.csv,True,True,40,40,40,40,40,4,train
action_03,user18,3,18,7-1-1,True,True,IMU/action_03/user18/7-1-1/up.csv,IMU/action_03/user18/7-1-1/down.csv,True,True,17,18,19,20,19,4,train
action_03,user19,3,19,1-1-1,True,True,IMU/action_03/user19/1-1-1/up.csv,IMU/action_03/user19/1-1-1/down.csv,True,True,20,20,20,21,19,4,train
action_03,user19,3,19,5-2-1,True,True,IMU/action_03/user19/5-2-1/up.csv,IMU/action_03/user19/5-2-1/down.csv,True,True,33,32,33,32,33,4,train
action_03,user2,3,2,2-2-1,True,True,IMU/action_03/user2/2-2-1/up.csv,IMU/action_03/user2/2-2-1/down.csv,True,True,32,32,32,31,32,4,train
action_03,user20,3,20,6-2-1,True,True,IMU/action_03/user20/6-2-1/up.csv,IMU/action_03/user20/6-2-1/down.csv,True,True,30,29,31,31,30,4,train
action_03,user21,3,21,1-1-1,True,True,IMU/action_03/user21/1-1-1/up.csv,IMU/action_03/user21/1-1-1/down.csv,True,True,26,25,27,26,27,4,train
action_03,user21,3,21,7-2-1,True,True,IMU/action_03/user21/7-2-1/up.csv,IMU/action_03/user21/7-2-1/down.csv,True,True,23,24,22,22,22,4,train
action_03,user22,3,22,6-2-1,True,True,IMU/action_03/user22/6-2-1/up.csv,IMU/action_03/user22/6-2-1/down.csv,True,True,29,27,29,27,29,4,train
action_03,user23,3,23,1-1-1,True,True,IMU/action_03/user23/1-1-1/up.csv,IMU/action_03/user23/1-1-1/down.csv,True,True,26,25,25,24,25,4,train
action_03,user24,3,24,6-2-1,True,True,IMU/action_03/user24/6-2-1/up.csv,IMU/action_03/user24/6-2-1/down.csv,True,True,26,27,27,27,27,4,train
action_03,user4,3,4,1-1-1,True,True,IMU/action_03/user4/1-1-1/up.csv,IMU/action_03/user4/1-1-1/down.csv,True,True,22,22,21,22,23,4,train
action_03,user6,3,6,2-2-1,True,True,IMU/action_03/user6/2-2-1/up.csv,IMU/action_03/user6/2-2-1/down.csv,True,True,19,19,18,20,18,4,train
action_03,user7,3,7,1-1-1,True,True,IMU/action_03/user7/1-1-1/up.csv,IMU/action_03/user7/1-1-1/down.csv,True,True,21,22,22,22,22,4,train
action_03,user7,3,7,7-2-1,True,True,IMU/action_03/user7/7-2-1/up.csv,IMU/action_03/user7/7-2-1/down.csv,True,True,29,27,27,27,28,4,train
action_03,user8,3,8,1-1-1,True,True,IMU/action_03/user8/1-1-1/up.csv,IMU/action_03/user8/1-1-1/down.csv,True,True,27,28,27,28,28,4,train
action_03,user8,3,8,7-1-1,True,True,IMU/action_03/user8/7-1-1/up.csv,IMU/action_03/user8/7-1-1/down.csv,True,True,26,26,26,26,25,4,train
action_03,user9,3,9,1-1-1,True,True,IMU/action_03/user9/1-1-1/up.csv,IMU/action_03/user9/1-1-1/down.csv,True,True,13,11,12,12,12,4,train
action_03,user9,3,9,5-2-1,True,True,IMU/action_03/user9/5-2-1/up.csv,IMU/action_03/user9/5-2-1/down.csv,True,True,27,29,28,28,29,4,train
action_04,user1,4,1,1-1-1,True,True,IMU/action_04/user1/1-1-1/up.csv,IMU/action_04/user1/1-1-1/down.csv,True,True,124,124,122,121,120,5,train
action_04,user17,4,17,1-1-1,True,True,IMU/action_04/user17/1-1-1/up.csv,IMU/action_04/user17/1-1-1/down.csv,True,True,88,89,87,88,87,5,test
action_04,user17,4,17,6-1-1,True,True,IMU/action_04/user17/6-1-1/up.csv,IMU/action_04/user17/6-1-1/down.csv,True,True,56,55,56,54,56,5,test
action_04,user18,4,18,6-1-1,True,True,IMU/action_04/user18/6-1-1/up.csv,IMU/action_04/user18/6-1-1/down.csv,True,True,41,42,42,41,42,5,train
action_04,user18,4,18,7-1-1,True,True,IMU/action_04/user18/7-1-1/up.csv,IMU/action_04/user18/7-1-1/down.csv,True,True,56,55,54,55,56,5,train
action_04,user19,4,19,1-1-1,True,True,IMU/action_04/user19/1-1-1/up.csv,IMU/action_04/user19/1-1-1/down.csv,True,True,115,114,115,114,114,5,train
action_04,user21,4,21,6-1-1,True,True,IMU/action_04/user21/6-1-1/up.csv,IMU/action_04/user21/6-1-1/down.csv,True,True,83,82,84,80,86,5,train
action_04,user22,4,22,2-2-1,True,True,IMU/action_04/user22/2-2-1/up.csv,IMU/action_04/user22/2-2-1/down.csv,True,True,72,71,71,72,71,5,train
action_04,user22,4,22,6-1-1,True,True,IMU/action_04/user22/6-1-1/up.csv,IMU/action_04/user22/6-1-1/down.csv,True,True,52,55,51,51,50,5,train
action_04,user22,4,22,7-2-1,True,True,IMU/action_04/user22/7-2-1/up.csv,IMU/action_04/user22/7-2-1/down.csv,True,True,79,79,80,79,80,5,train
action_04,user23,4,23,4-3-1,True,True,IMU/action_04/user23/4-3-1/up.csv,IMU/action_04/user23/4-3-1/down.csv,True,True,31,33,31,30,30,5,train
action_04,user23,4,23,5-2-1,True,True,IMU/action_04/user23/5-2-1/up.csv,IMU/action_04/user23/5-2-1/down.csv,True,True,34,35,36,36,37,5,train
action_04,user3,4,3,1-1-1,True,True,IMU/action_04/user3/1-1-1/up.csv,IMU/action_04/user3/1-1-1/down.csv,True,True,70,71,72,72,71,5,train
action_04,user4,4,4,5-2-1,True,True,IMU/action_04/user4/5-2-1/up.csv,IMU/action_04/user4/5-2-1/down.csv,True,True,92,91,92,91,92,5,train
action_04,user7,4,7,1-1-1,True,True,IMU/action_04/user7/1-1-1/up.csv,IMU/action_04/user7/1-1-1/down.csv,True,True,66,66,65,66,64,5,train
action_04,user8,4,8,6-1-1,True,True,IMU/action_04/user8/6-1-1/up.csv,IMU/action_04/user8/6-1-1/down.csv,True,True,143,144,144,143,143,5,train
action_04,user8,4,8,7-1-1,True,True,IMU/action_04/user8/7-1-1/up.csv,IMU/action_04/user8/7-1-1/down.csv,True,True,70,69,69,70,69,5,train
action_04,user9,4,9,1-1-1,True,True,IMU/action_04/user9/1-1-1/up.csv,IMU/action_04/user9/1-1-1/down.csv,True,True,58,59,60,59,59,5,train
